{
  "project_info": {
    "project_number": "799925587615",
    "firebase_url": "https://automator-alpha.firebaseio.com",
    "project_id": "automator-alpha",
    "storage_bucket": "automator-alpha.appspot.com"
  },
  "client": [
    {
      "client_info": {
        "mobilesdk_app_id": "1:799925587615:android:fc9c7a81a068600d",
        "android_client_info": {
          "package_name": "com.aaars.b"
        }
      },
      "oauth_client": [
        {
          "client_id": "799925587615-3e2fceaf4qrb3dca85kktihaeo3pi7ls.apps.googleusercontent.com",
          "client_type": 1,
          "android_info": {
            "package_name": "com.aaars.b",
            "certificate_hash": "89bf870f5428cc7b009e43209dba759eb92cc4a4"
          }
        },
        {
          "client_id": "799925587615-l5oger5tfjm4gos5fcflkbab0ksl2i3d.apps.googleusercontent.com",
          "client_type": 3
        }
      ],
      "api_key": [
        {
          "current_key": "AIzaSyAmgzEA7CjfRBPxkok4R5n9Nm9Eu2lGKlI"
        }
      ],
      "services": {
        "analytics_service": {
          "status": 1
        },
        "appinvite_service": {
          "status": 2,
          "other_platform_oauth_client": [
            {
              "client_id": "799925587615-l5oger5tfjm4gos5fcflkbab0ksl2i3d.apps.googleusercontent.com",
              "client_type": 3
            }
          ]
        },
        "ads_service": {
          "status": 2
        }
      }
    }
  ],
  "configuration_version": "1"
}